"Slug","Genre","Type","Client Name","Project Title","breif","Streams","Visual Views","New Followers","Articles","Hero Tile Line 1","Hero Tile Line 2","Hero Tile Video","Vid Metrics BG","Hero Tile Image","Hero Tile Image:alt","Case Info","Case Info Headline Line 1","Case Info Headline Line 2","Case Description","Tile 2 Video","Tile 2 Image","Tile 2 Image:alt","Tile 3 Video","Tile 3 Image","Tile 3 Image:alt","Tile 4 Video","Tile 4 Image","Tile 4 Image:alt","Scrolling Text Line 1","Scrolling Text Line 2","Summary Campaign","work hero","ARTWORK","ARTWORK:alt"
"reload","Afrofusion","Single + Visual","FASINA
","FASINA: ""RELOAD""","Fasina, an Afrofusion artist, released his debut single ""RELOAD"" from his debut project. With captivating visuals and a powerful social media campaign by GnRe, the track surpassed expectations, establishing Fasina as an influencial artist in the Afrobeats/Afrofusion scene.","71","43","300","3","RELOAD","","","https://framerusercontent.com/assets/iR2zUIL5SyRR1uFRgPklcNJUBQ.mp4","https://framerusercontent.com/images/VCtg3Rmn0S2otCaxJT9g3TC6g8.jpg","","Genre: Afrobeats
Release Type: Single + Visual","The","VISION","Our vision for Fasina's track ""RELOAD"" was to introduce audiences to the captivating blend of Afrofusion beats and compelling storytelling that define his music. We aimed to create a campaign that not only showcased his talent but also laid the foundation for his debut project's success.","","https://framerusercontent.com/images/Yz5ZatJ623XnM6foN6JbzvCTPDo.jpg","","","https://framerusercontent.com/images/yeiRrgZSj18flxAlcO6taAUcc.jpg","","https://framerusercontent.com/assets/Z3UGF5Fow4oolMHLXEE0Ubed2dQ.mp4","","","Embrace the","Symphony","""RELOAD"" quickly became a standout success, exceeding all expectations. With over 70,000 streams across various platforms and 8,400+ views on YouTube, the track garnered significant attention within the Afrofusion community and beyond. Our tailored marketing efforts, including captivating social media content and visually striking ad creatives, played a pivotal role in amplifying Fasina's reach and impact.","https://framerusercontent.com/assets/jETePkoH377A8RelEwEnKdi9zrM.mp4","https://framerusercontent.com/images/H5KLjziS12DYuejjayhliBCYunA.jpg",""
"only-the-start","R&B","Single + Visual","REAYO","REAYO: ""ONLY THE START""","RÉAYO, a visionary artist blending electronic, indie-pop, and soulful elements, debuted with ""Only the Start,"" a track of resilience and hope. The campaign, marked by introspective content and engaging visuals, solidifying RÉAYO's position as a UK R&B trailblazer.","83","8.2","500","2","ONLY THE","START","","https://framerusercontent.com/assets/YuqiiiFyvFke2NdcNuHm9E7CCiE.mp4","https://framerusercontent.com/images/1LtCBtueo3m4SjWRYjSD7zGgP9w.jpeg","","Genre: R&B
Release Type: Single + Visual","The","VISION","Our vision for RÉAYO's debut single, ""Only the Start,"" was to introduce audiences to the captivating sound and narrative depth of this enigmatic artist. We aimed to create a campaign that not only showcased RÉAYO's unique blend of electronic, indie-pop, and soulful elements but also established him as a trailblazer redefining UK R&B.","","https://framerusercontent.com/images/2KLmAPOv9KqeeHOQwed8nxEfsF4.jpg","","","https://framerusercontent.com/images/wDakXXQFCEerlbMGiRXm2M2vxo.jpg","","https://framerusercontent.com/assets/wwWNr1YUOPH286xEaOqEp9aUAA.mp4","","","Unleash the","Adventures","""Only the Start"" quickly became a standout success, far surpassing our expectations. With over 83,000 streams and 8,100 views, the track garnered widespread acclaim and recognition. Its inclusion in DAZED MAG and heavy algorithmic streams on Spotify further solidified RÉAYO's position as an up-and-coming artist on the UK R&B scene. Our tailored social media content amplified RÉAYO's reach, engaging audiences and driving continuous organic growth.","https://framerusercontent.com/assets/ByBh4JusFBteW4acTDQ4ggeS4RU.mp4","https://framerusercontent.com/images/9PfwmuvdOljLWfLEp9rrc3fznZw.jpg",""
"she-gave-up","R&B","Single + Visual","JESSY
ROSE","JESSY ROSE: ""SHE GAVE UP""","Former Hare Squead member Jessy Rose's ""She Gave Up"" showcased his vulnerability and raw talent. The track, supported by engaging content and a sophisticated marketing campaign, exceeded expectations with 50,000 streams and 15,000 music video views, positioning Jessy as a promising solo artist redefining R&B.","51","18","300","2","SHE GAVE","UP","","https://framerusercontent.com/assets/NjtU0dBUxnFAmmhSow5biwj16E.mp4","https://framerusercontent.com/images/0zgnbfvAjBDgYp162oeXrXci8.jpg","","Genre: R&B
Release Type: Single + Visual","The","VISION","Our vision for Jessy Rose's single ""She Gave Up"" was to unveil the raw and vulnerable essence of this emerging artist's sound. Drawing from his personal journey and musical influences, we aimed to create a campaign that not only showcased the depth of Jessy Rose's storytelling but also resonated deeply with audiences, establishing him as a compelling voice in contemporary R&B.","","https://framerusercontent.com/images/lX42dDMp0jloKTZJ6o6SzgDKWIM.jpg","","","https://framerusercontent.com/images/YQ4GZZerNPq09HyWMhcK4N86A.jpg","","https://framerusercontent.com/assets/xyxPqwLbdgD0xCnI6jrFiA8ws8.mp4","","","Ride the","Urban Tide","""She Gave Up"" quickly garnered attention, surpassing our expectations with over 50,000 streams on Spotify and 15,000 music video views. Its success can be attributed to our sophisticated marketing campaign, which leveraged Jessy Rose's extensive industry experience and deep understanding of his audience. Through tailored content creation and targeted advertising, we effectively engaged Jessy's fanbase, driving organic growth and amplifying the track's impact.","https://framerusercontent.com/assets/bdOw5l6XWzGYELEFJjGgnBgfaM.mp4","https://framerusercontent.com/images/9NrRAOly4LA3Kp5oUDLORMqYpQ.jpg",""
"no-vip","Alt","Single","SCARY
LUKE","SCARY LUKE: ""NO VIP""","When Scary Luke, an innovative artist in the electronic music genre, released his track ""NO VIP IN MY FORREST M8"" we saw an opportunity to propel his music career to new heights. Through a meticulously crafted promotion strategy, we aimed to connect his unique sound with a global audience, leveraging the power of Spotify and targeted advertising to turn listeners into fans. This case study showcases the success of our collaborative efforts and the remarkable results achieved for Scary Luke's release.","108","0","138","2","NO VIP IN","MY FORREST","","https://framerusercontent.com/assets/v3U9CpDMqATDaIonAL7YW5LEIE.mp4","https://framerusercontent.com/images/XdAYBsJinwV4RZGhSZKGw5A8OW8.jpeg","","Genre: Alt
Release Type: Single","The","VISION","Scary Luke, an emerging talent in the electronic music scene, approached us with a clear vision: to make his track ""NO VIP IN MY FORREST M8""resonate with a global audience. His unique sound and artistic flair required a strategic promotion plan that would not only boost his visibility but also engage listeners on a deep, emotional level. Our mission was to harness the power of digital platforms to amplify his reach and turn his vision into a streaming success.","","https://framerusercontent.com/images/Kpd70cSWFPdTxI3sd7jBgvLcoE.jpeg","","https://framerusercontent.com/assets/Ckuz4IBdRwQcFJ3PFtgO1jib9A.mp4","https://framerusercontent.com/images/i3L1vbO4durijLXOs0CEsA3ND14.jpg","","","https://framerusercontent.com/images/lWUhoJG8zgLo9ss7xB1feEnGQ.jpg","","PLAY THE","HEARTBEAT","The campaign was marked by several key highlights. Our Spotify promotion efforts led to the track amassing over 100,000 streams, a significant milestone for an independent artist. The targeted ad campaigns generated substantial engagement, with a notable increase in followers and playlist placements. Scary Luke's social media presence also grew, as the ads sparked conversations and shares among music enthusiasts. These achievements not only boosted the track's visibility but also established Scary Luke as a noteworthy artist in the electronic music community.","https://framerusercontent.com/assets/J4DOI47BWnweFbUVqFGyCxsFjY.mp4","https://framerusercontent.com/images/kk5G9dNX2TlmymZaPZyUexWIIQ.jpg",""
"better-off","Pop","Single + Visual","OLIVER
SIMPSON","OLIVER SIMPSON: ""BETTER OFF""","Oliver Simpson's ""Better Off,"" a follow-up to his successful debut ""Cold,"" achieved remarkable success, garnering 108,000+ streams. With a focus on building streams and targeted advertising, the campaign secured placements on prestigious platforms like BBC Radio London and BBC Introducing, elevating Oliver's profile in the music industry.","108","1000","79","3","BETTER","OFF","","https://framerusercontent.com/assets/3sC6JkPhR3iVFf3BBFEeFQnoVO0.mp4","https://framerusercontent.com/images/pf2p1LStrdHp9jar56xInBO1Ds.jpg","","Genre: Pop
Release Type: Single + Visual","The","VISION","Our vision for Oliver Simpson's single ""Better Off"" was to build upon the success of his debut track ""Cold"" and elevate his presence in the music industry. With a focus on surpassing previous streaming achievements and securing meaningful placements, we aimed to position Oliver as a dynamic and promising artist within his genre.","","https://framerusercontent.com/images/cjOi90OSZjh906UfW8oOKRBNuE.jpg","","","https://framerusercontent.com/images/k5NAo8BB1uXKwnblxKM0HNOy8yQ.jpg","","","https://framerusercontent.com/images/Ahf1t81oHpKQ4QcAdzUoNTOyeAQ.jpg","","Live Young","Stay Timeless","""Better Off"" exceeded our expectations, with over 108,000 streams and counting. Our strategic focus on building streams and targeting Oliver's audience through a PIXEL campaign proved successful in driving engagement and increasing visibility. Additionally, securing placements on BBC Radio London, BBC Introducing, and Rhythmpaper further solidified Oliver's standing within the industry exposing his music to new audiences. Our engaging content creation efforts complemented these achievements, sparking meaningful interactions and fostering a sense of community among Oliver's fanbase.","https://framerusercontent.com/assets/QBuxV8kYuT32E7B4h2WsLXHxQX0.mp4","https://framerusercontent.com/images/Zes4c6XnCgHVShDJ3A7txZU.jpg",""
"cod","Hip-Hop","Single + Visual","MIRARI","MIRARI: ""CLASS OF DEJA""","Marari’s “Class of Déjà,” a captivating release, has already amassed over 56,000 streams, showcasing his growing influence. Our focused campaign at GnRe aimed to further increase streams and enhance visibility through targeted advertising. By securing placements on esteemed platforms like Spotify’s editorial playlist “Grime Shutdown"", we successfully elevated Mirari’s profile, solidifying his position in the UK hiphop/grime scene.","56","9.8","200","2","CLASS OF","DEJA","","https://framerusercontent.com/assets/TEmcn6vDXzaWl3ioV0JK2tpjL0.mp4","https://framerusercontent.com/images/6Ib4ulCb4AAtrdjeUrx0Kno1nNE.jpg","","Genre: Hip-Hop
Release Type: Single + Visual","The","VISION","Mirari's vision included crafting a track that resonates emotionally while maintaining a fresh and innovative approach to production. Through strategic partnerships and targeted marketing efforts, Marari envisioned building a loyal fan base and establishing himself as a prominent figure in the music industry. The success of “Class of Déjà” reflects Marari’s commitment to realizing his artistic vision and achieving sustainable growth in his music career.","","https://framerusercontent.com/images/4tA1BO0TnIcMSt0Ani0pPFexqw.jpg","","","https://framerusercontent.com/images/huqfZQYaZDwADT5D5xK2SeFxIKI.jpg","","","","","Live Young","Stay Timeless","Mirari’s “Class of Déjà” campaign was a strategic endeavor aimed at amplifying his presence in the music industry. With a vision focused on authentic storytelling and innovative production, Mirari set out to connect deeply with his audience while expanding his reach. The campaign successfully garnered over 56,000 streams, surpassing initial targets and solidifying Mirari’s growing influence. Key achievements included securing placements on Spotify’s prestigious editorial playlist “Grime Shutdown” were pivotal steps in enhancing Mirari’s visibility and credibility. Through targeted advertising and strategic partnerships, GnRe effectively supported Mirari in achieving his goals, positioning him for continued success in the scene","https://framerusercontent.com/assets/3McjfuR8TzSO86bhLGYnI7tLHo.mp4","https://framerusercontent.com/images/eefqhheytNR72juDsRqZfcpO0.jpg",""